image,x1,y1,x2,y2,facing
codex-clipboard-b56281c4-f09d-482e-8db4-ba419db3bf3f.png,1415,60,1510,140,right
codex-clipboard-e29f7ffe-194b-4e5b-a8a6-4723463194bd.png,555,65,655,165,right
codex-clipboard-8b3546e4-357b-4547-a088-17463357a14b.png,440,90,530,190,right
codex-clipboard-4e82be62-7d75-448f-8005-31fa623d4fc5.png,295,30,390,140,right
codex-clipboard-759272b5-2343-453b-b132-0f0fcb77a622.png,340,80,440,180,right
codex-clipboard-c95232eb-b49d-4f9b-acfc-68ed1afbbab7.png,1096,588,1176,686,right
codex-clipboard-708a16de-4171-471c-a595-93251e01e86a.png,1605,570,1675,665,left
codex-clipboard-4356f94e-31f5-4011-8cf7-d2b053bd17aa.png,1605,570,1675,665,left
codex-clipboard-717d6d52-a320-4e87-bdb3-3f6a92c09ec7.png,1605,570,1675,665,left
